plantripId,vehiculeId,trajetId,plannerId,travelerId,add_at,start_at,end_at
986,739,234,2287,1186,6230-03-07 17:06:02,6230-03-08 17:06:02,6235-10-31 17:06:02
383,71,652,3868,2028,5593-01-11 01:10:56,5593-01-12 01:10:56,5595-06-07 01:10:56
783,714,697,4327,4290,5851-07-01 22:37:21,5851-07-02 22:37:21,5857-05-02 22:37:21
583,293,239,911,2383,4991-05-08 01:39:30,4991-05-09 01:39:30,4995-07-02 01:39:30
178,400,278,4281,1414,5819-10-11 03:04:13,5819-10-12 03:04:13,5820-08-04 03:04:13
571,670,338,2462,2691,6435-06-03 10:06:22,6435-06-04 10:06:22,6435-10-01 10:06:22
238,218,824,3477,4402,5683-06-03 05:28:35,5683-06-04 05:28:35,5686-03-20 05:28:35
83,519,349,1736,2536,6263-12-03 18:26:52,6263-12-04 18:26:52,6265-03-11 18:26:52
773,874,220,1178,2875,6294-07-19 00:35:08,6294-07-20 00:35:08,6295-02-22 00:35:08
230,285,988,692,135,6342-12-04 13:01:46,6342-12-05 13:01:46,6344-06-05 13:01:46
717,763,618,1348,73,5269-04-21 01:57:30,5269-04-22 01:57:30,5276-12-29 01:57:30
867,375,143,1891,4117,6045-03-29 21:59:09,6045-03-30 21:59:09,6046-05-20 21:59:09
127,666,883,2671,2304,6653-07-18 23:11:41,6653-07-19 23:11:41,6658-12-15 23:11:41
297,118,261,2612,361,6956-02-14 17:53:27,6956-02-15 17:53:27,6960-03-07 17:53:27
7,924,518,4698,4459,5652-06-28 22:52:29,5652-06-29 22:52:29,5655-10-12 22:52:29
841,866,372,4003,482,5147-07-04 14:44:27,5147-07-05 14:44:27,5152-09-07 14:44:27
313,484,804,1151,2670,5855-07-19 19:58:03,5855-07-20 19:58:03,5861-01-10 19:58:03
994,404,336,3726,2102,6849-03-30 07:33:58,6849-03-31 07:33:58,6852-04-02 07:33:58
342,463,418,2899,1144,6154-04-22 20:13:05,6154-04-23 20:13:05,6155-07-27 20:13:05
959,359,799,2523,4838,6233-06-21 04:24:41,6233-06-22 04:24:41,6237-06-03 04:24:41
494,827,833,4352,4787,5393-01-08 17:17:51,5393-01-09 17:17:51,5395-06-13 17:17:51
648,432,123,4806,1420,5949-03-21 14:33:43,5949-03-22 14:33:43,5954-02-06 14:33:43
378,474,630,823,2041,4977-03-14 14:56:20,4977-03-15 14:56:20,4977-12-29 14:56:20
498,638,793,4469,3619,6192-06-14 13:11:44,6192-06-15 13:11:44,6197-10-13 13:11:44
365,65,103,455,2798,6331-10-13 20:04:36,6331-10-14 20:04:36,6334-11-17 20:04:36
927,674,617,1867,1136,6135-08-23 23:58:25,6135-08-24 23:58:25,6136-05-23 23:58:25
146,321,603,2573,3221,5593-04-15 17:53:27,5593-04-16 17:53:27,5600-06-26 17:53:27
961,15,874,4167,593,6556-11-16 08:34:25,6556-11-17 08:34:25,6564-07-23 08:34:25
854,473,595,1099,22,4990-07-30 15:17:07,4990-07-31 15:17:07,4991-03-16 15:17:07
92,6,165,1138,4812,6189-10-12 12:38:46,6189-10-13 12:38:46,6196-05-28 12:38:46
263,232,143,4740,3693,6716-05-25 21:50:12,6716-05-26 21:50:12,6719-08-02 21:50:12
555,350,71,881,2433,6358-01-21 20:31:51,6358-01-22 20:31:51,6364-08-09 20:31:51
65,681,984,3848,171,7097-10-22 20:02:03,7097-10-23 20:02:03,7100-07-19 20:02:03
174,153,490,2052,971,6122-10-30 15:34:25,6122-10-31 15:34:25,6124-11-17 15:34:25
126,129,491,265,1777,6538-03-22 23:52:44,6538-03-23 23:52:44,6539-03-12 23:52:44
85,675,339,480,4307,6874-03-09 18:10:43,6874-03-10 18:10:43,6877-10-05 18:10:43
620,72,599,1239,2959,6512-02-08 21:31:23,6512-02-09 21:31:23,6517-06-03 21:31:23
869,583,454,1693,1236,5350-03-18 13:14:26,5350-03-19 13:14:26,5352-06-13 13:14:26
644,677,387,3480,4095,6235-10-23 14:15:06,6235-10-24 14:15:06,6237-07-04 14:15:06
916,554,36,4895,3965,6702-12-13 22:32:05,6702-12-14 22:32:05,6709-11-26 22:32:05
355,447,335,1995,4749,6732-05-27 01:07:26,6732-05-28 01:07:26,6734-04-20 01:07:26
377,494,691,1569,2529,6595-10-15 17:24:19,6595-10-16 17:24:19,6602-11-13 17:24:19
155,969,712,2935,3178,5183-10-30 01:25:30,5183-10-31 01:25:30,5189-08-25 01:25:30
992,111,996,4895,4220,6118-10-23 17:45:34,6118-10-24 17:45:34,6125-12-21 17:45:34
443,627,986,2758,476,6732-12-18 04:57:58,6732-12-19 04:57:58,6736-08-08 04:57:58
631,724,514,1104,4451,6257-03-22 21:38:36,6257-03-23 21:38:36,6264-05-17 21:38:36
345,379,990,4281,3421,6028-06-18 15:31:31,6028-06-19 15:31:31,6035-08-03 15:31:31
596,842,983,897,2032,6188-04-05 21:32:13,6188-04-06 21:32:13,6195-03-23 21:32:13
364,883,313,4007,2106,6493-10-25 08:18:34,6493-10-26 08:18:34,6497-10-02 08:18:34
238,703,890,3276,4235,6550-11-17 09:47:16,6550-11-18 09:47:16,6557-01-27 09:47:16
64,893,64,4005,3270,5945-06-07 05:25:03,5945-06-08 05:25:03,5948-07-18 05:25:03
689,725,404,3780,4377,7206-07-03 15:29:02,7206-07-04 15:29:02,7210-01-28 15:29:02
793,568,51,3147,2740,6162-01-11 19:26:33,6162-01-12 19:26:33,6165-04-05 19:26:33
24,378,442,3556,1313,5067-05-29 15:04:06,5067-05-30 15:04:06,5067-08-06 15:04:06
222,832,855,508,3985,5053-05-22 22:02:17,5053-05-23 22:02:17,5058-09-15 22:02:17
454,924,839,4867,987,6703-02-18 18:09:29,6703-02-19 18:09:29,6704-08-03 18:09:29
88,640,178,4816,2806,5608-10-26 17:52:17,5608-10-27 17:52:17,5611-03-08 17:52:17
98,199,9,1816,2102,6906-07-05 06:33:39,6906-07-06 06:33:39,6910-11-11 06:33:39
964,506,811,4193,4109,6518-06-19 20:14:43,6518-06-20 20:14:43,6520-01-21 20:14:43
290,386,95,3226,4952,6279-03-31 23:15:10,6279-04-01 23:15:10,6284-04-05 23:15:10
968,928,795,430,2442,7049-01-08 22:54:39,7049-01-09 22:54:39,7054-03-17 22:54:39
812,560,327,4162,3831,5283-06-12 07:58:17,5283-06-13 07:58:17,5285-11-10 07:58:17
879,159,202,4581,3268,5288-11-24 06:47:47,5288-11-25 06:47:47,5295-03-07 06:47:47
564,527,919,4398,611,5429-03-26 15:07:13,5429-03-27 15:07:13,5429-09-07 15:07:13
163,506,482,1747,1245,6263-07-17 01:17:37,6263-07-18 01:17:37,6266-12-22 01:17:37
125,405,605,488,154,6902-05-05 19:01:26,6902-05-06 19:01:26,6904-01-05 19:01:26
494,630,466,1252,256,5556-08-05 22:22:22,5556-08-06 22:22:22,5556-11-18 22:22:22
254,93,776,4843,1496,6588-01-28 22:35:21,6588-01-29 22:35:21,6589-08-13 22:35:21
78,514,659,3562,823,5916-12-17 00:16:04,5916-12-18 00:16:04,5918-10-18 00:16:04
50,210,507,3303,785,5566-07-10 10:47:04,5566-07-11 10:47:04,5567-11-25 10:47:04
240,832,341,3634,4513,5894-06-13 06:02:27,5894-06-14 06:02:27,5896-02-06 06:02:27
327,169,188,3699,3330,6478-02-17 10:40:01,6478-02-18 10:40:01,6482-03-25 10:40:01
837,354,68,1375,2507,6283-09-24 09:55:32,6283-09-25 09:55:32,6288-08-14 09:55:32
244,942,801,1978,4145,7163-07-12 12:23:48,7163-07-13 12:23:48,7168-06-07 12:23:48
349,190,581,4849,2653,6654-06-10 08:46:16,6654-06-11 08:46:16,6659-08-24 08:46:16
665,517,824,3668,1571,6418-10-18 16:12:07,6418-10-19 16:12:07,6421-05-04 16:12:07
892,816,562,639,4637,7066-05-11 02:57:24,7066-05-12 02:57:24,7068-05-02 02:57:24
530,626,949,2857,1640,6631-06-20 00:53:47,6631-06-21 00:53:47,6638-04-07 00:53:47
384,836,918,2730,2005,6558-02-12 16:43:33,6558-02-13 16:43:33,6560-01-14 16:43:33
775,529,900,4011,2172,5259-02-01 19:34:53,5259-02-02 19:34:53,5259-04-30 19:34:53
549,48,333,1860,1132,5330-02-07 15:57:16,5330-02-08 15:57:16,5332-01-31 15:57:16
174,324,961,25,3923,6240-01-21 14:36:46,6240-01-22 14:36:46,6242-01-07 14:36:46
96,295,710,4651,2488,5194-04-10 15:29:41,5194-04-11 15:29:41,5199-02-25 15:29:41
936,760,742,2894,2852,5099-12-26 08:48:31,5099-12-27 08:48:31,5104-07-03 08:48:31
544,240,735,1244,3001,6207-08-24 13:42:11,6207-08-25 13:42:11,6209-05-24 13:42:11
94,836,621,3178,238,6188-05-06 18:24:08,6188-05-07 18:24:08,6193-07-21 18:24:08
526,306,364,1903,2232,6452-03-19 03:43:40,6452-03-20 03:43:40,6453-05-23 03:43:40
855,711,356,581,3542,6501-09-09 02:23:44,6501-09-10 02:23:44,6505-02-09 02:23:44
390,387,137,1970,1055,6705-04-30 04:49:12,6705-05-01 04:49:12,6708-06-28 04:49:12
939,349,4,1091,4507,6871-07-16 15:42:54,6871-07-17 15:42:54,6875-03-17 15:42:54
433,22,383,4234,3997,5942-11-05 11:31:01,5942-11-06 11:31:01,5947-07-31 11:31:01
609,994,440,4587,2672,6253-01-14 21:49:30,6253-01-15 21:49:30,6253-04-22 21:49:30
670,842,940,3143,1562,5465-10-21 12:54:07,5465-10-22 12:54:07,5471-08-13 12:54:07
163,629,196,2630,2719,5964-12-06 19:28:12,5964-12-07 19:28:12,5965-02-10 19:28:12
262,504,393,4516,804,5690-11-05 22:34:24,5690-11-06 22:34:24,5698-08-27 22:34:24
626,653,597,2717,1104,6399-08-26 13:47:27,6399-08-27 13:47:27,6405-06-14 13:47:27
664,443,366,4565,519,6632-11-03 21:50:08,6632-11-04 21:50:08,6636-11-15 21:50:08
1000,350,461,1900,918,6203-04-24 07:11:32,6203-04-25 07:11:32,6203-06-13 07:11:32
321,788,525,1587,4527,6510-07-12 04:04:41,6510-07-13 04:04:41,6515-04-11 04:04:41
245,860,61,1254,4721,5649-10-16 01:02:18,5649-10-17 01:02:18,5654-02-27 01:02:18
230,905,655,2780,1961,6686-12-31 07:33:58,6687-01-01 07:33:58,6689-07-11 07:33:58
393,832,135,1917,2381,6049-07-15 06:42:08,6049-07-16 06:42:08,6052-08-10 06:42:08
451,938,838,2671,3270,5920-08-02 06:01:03,5920-08-03 06:01:03,5927-07-15 06:01:03
429,518,332,1153,1513,6589-01-09 10:07:26,6589-01-10 10:07:26,6596-10-23 10:07:26
975,56,94,1903,2949,6363-06-05 18:50:57,6363-06-06 18:50:57,6364-03-31 18:50:57
349,765,164,105,3951,6207-06-13 11:24:21,6207-06-14 11:24:21,6209-10-23 11:24:21
454,527,234,4617,4489,7164-11-03 06:03:59,7164-11-04 06:03:59,7170-08-01 06:03:59
845,499,786,440,1309,7068-01-24 08:17:33,7068-01-25 08:17:33,7068-05-14 08:17:33
827,883,295,2174,3124,6977-05-24 18:14:25,6977-05-25 18:14:25,6980-03-26 18:14:25
20,125,827,3333,4182,5449-05-25 22:20:38,5449-05-26 22:20:38,5457-03-15 22:20:38
441,812,174,1536,2362,6097-04-18 06:31:49,6097-04-19 06:31:49,6098-05-26 06:31:49
372,994,607,2343,1748,6765-08-21 23:01:09,6765-08-22 23:01:09,6772-02-06 23:01:09
551,579,288,1736,591,7254-01-12 15:03:04,7254-01-13 15:03:04,7255-12-11 15:03:04
87,137,959,4934,1928,6246-08-05 20:12:25,6246-08-06 20:12:25,6247-04-27 20:12:25
250,616,715,2911,1716,6303-05-05 20:07:45,6303-05-06 20:07:45,6310-05-22 20:07:45
218,906,113,4405,1250,5708-12-26 12:49:07,5708-12-27 12:49:07,5711-12-26 12:49:07
194,637,330,2903,3417,6169-06-15 12:40:57,6169-06-16 12:40:57,6174-08-24 12:40:57
991,666,688,496,558,7151-08-09 20:54:37,7151-08-10 20:54:37,7156-12-04 20:54:37
482,687,696,943,857,6227-01-03 23:07:42,6227-01-04 23:07:42,6231-01-17 23:07:42
344,877,204,1765,2740,6470-01-03 22:38:00,6470-01-04 22:38:00,6475-03-03 22:38:00
819,337,178,501,2032,7170-05-03 02:15:58,7170-05-04 02:15:58,7177-03-03 02:15:58
307,402,116,1581,985,6670-06-15 05:22:13,6670-06-16 05:22:13,6673-03-02 05:22:13
591,855,791,3562,128,6258-11-10 17:18:48,6258-11-11 17:18:48,6261-01-23 17:18:48
89,288,644,2878,2729,5811-03-17 19:31:43,5811-03-18 19:31:43,5811-11-14 19:31:43
582,225,315,4854,3037,7165-06-08 02:52:01,7165-06-09 02:52:01,7166-04-05 02:52:01
777,987,513,1693,161,5879-02-19 23:54:05,5879-02-20 23:54:05,5882-06-28 23:54:05
989,859,819,3528,1985,5766-05-25 08:54:43,5766-05-26 08:54:43,5773-12-01 08:54:43
375,49,128,1834,978,6373-10-27 10:54:27,6373-10-28 10:54:27,6374-03-12 10:54:27
572,448,1,1205,3999,6997-06-13 17:27:39,6997-06-14 17:27:39,7004-11-25 17:27:39
672,884,287,1615,592,6404-06-05 19:03:02,6404-06-06 19:03:02,6409-07-20 19:03:02
547,386,330,4628,3958,6777-05-02 02:44:08,6777-05-03 02:44:08,6781-05-02 02:44:08
213,71,686,4989,3471,6657-03-05 11:02:32,6657-03-06 11:02:32,6664-06-18 11:02:32
942,31,917,2532,4198,5387-12-30 16:14:46,5387-12-31 16:14:46,5392-04-10 16:14:46
453,541,57,845,2232,5178-10-07 00:49:15,5178-10-08 00:49:15,5186-05-15 00:49:15
635,429,761,4740,4708,5258-01-31 06:15:41,5258-02-01 06:15:41,5258-06-08 06:15:41
112,394,738,643,4963,5876-07-25 02:07:50,5876-07-26 02:07:50,5883-03-23 02:07:50
997,95,525,4800,3090,5115-10-08 17:11:51,5115-10-09 17:11:51,5116-05-02 17:11:51
514,480,343,2486,764,6193-03-29 21:22:28,6193-03-30 21:22:28,6194-07-11 21:22:28
933,934,920,2468,483,7060-05-12 02:05:09,7060-05-13 02:05:09,7067-09-02 02:05:09
55,912,701,4358,1773,6480-10-09 03:52:42,6480-10-10 03:52:42,6488-06-10 03:52:42
747,164,68,1247,351,6758-11-11 13:05:11,6758-11-12 13:05:11,6758-12-29 13:05:11
112,190,765,726,2391,6388-01-21 00:35:42,6388-01-22 00:35:42,6393-06-03 00:35:42
476,816,479,3641,2351,6903-11-18 20:28:27,6903-11-19 20:28:27,6910-03-11 20:28:27
704,625,992,229,4655,6335-08-26 03:05:58,6335-08-27 03:05:58,6340-09-07 03:05:58
302,791,312,3852,1053,5885-08-02 19:14:05,5885-08-03 19:14:05,5887-09-14 19:14:05
889,732,283,4008,2604,6164-09-16 09:13:47,6164-09-17 09:13:47,6171-05-29 09:13:47
667,993,907,4253,1693,6233-11-23 19:51:36,6233-11-24 19:51:36,6239-01-24 19:51:36
690,792,55,2515,533,6577-08-03 19:15:37,6577-08-04 19:15:37,6579-01-12 19:15:37
759,282,393,1252,1962,6182-04-18 15:04:26,6182-04-19 15:04:26,6184-03-04 15:04:26
16,35,801,4030,785,6670-02-03 00:03:29,6670-02-04 00:03:29,6673-06-23 00:03:29
521,763,273,1410,1509,7192-08-18 14:31:22,7192-08-19 14:31:22,7194-04-01 14:31:22
881,692,893,3838,3990,5010-04-13 08:57:49,5010-04-14 08:57:49,5014-09-05 08:57:49
589,467,294,705,3820,7263-03-22 01:36:32,7263-03-23 01:36:32,7267-03-29 01:36:32
780,495,222,3149,673,5744-06-10 06:02:37,5744-06-11 06:02:37,5748-07-18 06:02:37
648,366,103,4382,68,6171-07-11 22:27:32,6171-07-12 22:27:32,6178-01-17 22:27:32
796,464,365,2488,469,6657-03-14 02:00:50,6657-03-15 02:00:50,6659-08-04 02:00:50
582,712,763,2336,4788,5672-01-25 08:59:09,5672-01-26 08:59:09,5674-08-17 08:59:09
860,675,457,3134,3531,6991-02-12 12:54:49,6991-02-13 12:54:49,6996-08-20 12:54:49
207,996,47,2558,773,6189-08-05 14:55:45,6189-08-06 14:55:45,6197-03-11 14:55:45
106,743,698,3125,4700,6299-09-13 15:14:42,6299-09-14 15:14:42,6304-12-02 15:14:42
941,668,556,820,946,6194-09-27 23:13:00,6194-09-28 23:13:00,6195-07-12 23:13:00
550,603,95,4456,2593,6863-11-02 01:07:46,6863-11-03 01:07:46,6870-10-16 01:07:46
507,583,913,5000,4693,6675-02-03 07:38:02,6675-02-04 07:38:02,6676-03-19 07:38:02
963,651,962,4339,4781,6484-02-27 19:43:08,6484-02-28 19:43:08,6489-03-26 19:43:08
329,305,715,4847,3713,6482-04-04 00:03:13,6482-04-05 00:03:13,6486-03-22 00:03:13
274,534,158,4007,3101,5209-02-18 15:55:00,5209-02-19 15:55:00,5214-05-07 15:55:00
216,484,7,4481,3334,5406-02-08 04:49:25,5406-02-09 04:49:25,5412-10-13 04:49:25
74,46,226,521,3459,7141-02-14 17:08:27,7141-02-15 17:08:27,7141-12-29 17:08:27
732,955,756,3895,3552,5908-09-13 01:29:20,5908-09-14 01:29:20,5914-02-10 01:29:20
688,942,655,973,4242,5368-04-15 18:44:34,5368-04-16 18:44:34,5371-06-20 18:44:34
27,727,852,2198,660,5069-01-26 12:06:00,5069-01-27 12:06:00,5074-12-23 12:06:00
900,606,375,2703,3940,5355-06-04 05:01:58,5355-06-05 05:01:58,5361-11-06 05:01:58
181,282,942,2012,763,5932-03-10 09:56:22,5932-03-11 09:56:22,5933-11-01 09:56:22
499,218,805,2299,805,6177-07-09 23:05:17,6177-07-10 23:05:17,6185-04-15 23:05:17
420,15,765,1387,2484,5391-01-13 17:09:35,5391-01-14 17:09:35,5392-06-24 17:09:35
101,558,93,2241,4514,5177-05-02 21:54:35,5177-05-03 21:54:35,5178-10-18 21:54:35
425,494,158,874,2024,6613-11-10 06:09:39,6613-11-11 06:09:39,6621-04-09 06:09:39
313,556,658,2288,198,5524-06-17 03:08:54,5524-06-18 03:08:54,5528-06-27 03:08:54
416,412,139,708,4016,6914-09-15 14:42:52,6914-09-16 14:42:52,6919-08-22 14:42:52
959,325,502,1620,2442,7064-10-18 09:38:21,7064-10-19 09:38:21,7072-06-26 09:38:21
491,448,707,4361,2572,4974-01-29 22:50:00,4974-01-30 22:50:00,4979-10-01 22:50:00
317,725,782,13,868,6340-04-01 14:08:19,6340-04-02 14:08:19,6343-09-27 14:08:19
49,595,419,1615,2926,5796-12-12 07:12:39,5796-12-13 07:12:39,5802-12-07 07:12:39
302,334,956,2721,4527,5409-10-21 08:24:41,5409-10-22 08:24:41,5411-11-28 08:24:41
969,439,857,1450,867,7211-05-03 21:55:32,7211-05-04 21:55:32,7218-08-13 21:55:32
60,953,56,3303,3632,5751-08-13 18:00:37,5751-08-14 18:00:37,5755-08-10 18:00:37
929,632,394,2176,1689,7126-07-30 00:24:50,7126-07-31 00:24:50,7130-04-30 00:24:50
366,352,236,2804,282,6830-05-22 11:50:20,6830-05-23 11:50:20,6830-12-04 11:50:20
188,500,627,1738,935,5745-11-11 20:32:56,5745-11-12 20:32:56,5751-02-21 20:32:56
965,642,353,2906,2738,7159-09-17 18:36:56,7159-09-18 18:36:56,7161-04-18 18:36:56
280,918,343,1416,4901,7034-07-26 10:44:58,7034-07-27 10:44:58,7039-01-21 10:44:58
199,101,577,3981,3817,5270-06-18 10:46:17,5270-06-19 10:46:17,5276-01-03 10:46:17
951,286,475,1204,3667,6734-06-08 06:33:04,6734-06-09 06:33:04,6737-07-29 06:33:04
471,719,241,4554,4633,5137-08-16 05:57:49,5137-08-17 05:57:49,5144-06-24 05:57:49
872,822,977,4235,3313,6758-04-28 15:00:43,6758-04-29 15:00:43,6759-05-25 15:00:43
390,185,892,2269,3593,6027-03-30 22:13:54,6027-03-31 22:13:54,6030-05-13 22:13:54
174,36,95,3038,1051,6033-07-01 18:31:09,6033-07-02 18:31:09,6037-08-14 18:31:09
24,441,281,4684,1943,5810-05-01 21:10:42,5810-05-02 21:10:42,5812-10-31 21:10:42
938,608,362,37,4450,6190-01-18 01:32:12,6190-01-19 01:32:12,6190-09-24 01:32:12
858,316,161,4109,532,5350-02-05 22:31:42,5350-02-06 22:31:42,5357-06-24 22:31:42
1648,247,234,4109,3840,6782-04-20 00:44:19,6782-04-21 00:44:19,6782-04-21 01:14:19
1609,343,652,4109,1803,5119-08-28 17:02:26,5119-08-29 17:02:26,5119-08-29 17:32:26
1145,867,697,4109,1831,6019-05-03 03:55:10,6019-05-04 03:55:10,6019-05-04 04:25:10
1304,224,239,4109,1055,7082-12-22 03:50:25,7082-12-23 03:50:25,7082-12-23 04:20:25
1484,869,278,4109,2881,6590-09-20 13:17:48,6590-09-21 13:17:48,6590-09-21 13:47:48
1886,597,338,4109,3447,6297-01-29 23:50:00,6297-01-30 23:50:00,6297-01-31 00:20:00
1569,872,824,4109,2239,5486-11-12 09:30:34,5486-11-13 09:30:34,5486-11-13 10:00:34
1950,237,349,4109,1022,5134-12-05 08:07:05,5134-12-06 08:07:05,5134-12-06 08:37:05
1149,13,220,4109,3475,6994-04-06 18:07:04,6994-04-07 18:07:04,6994-04-07 18:37:04
1499,122,988,4109,4935,7009-08-16 19:11:16,7009-08-17 19:11:16,7009-08-17 19:41:16
1166,557,618,4109,4875,5757-03-22 09:09:30,5757-03-23 09:09:30,5757-03-23 09:39:30
1833,783,143,4109,3941,6099-05-08 14:40:28,6099-05-09 14:40:28,6099-05-09 15:10:28
1451,773,883,4109,3238,4995-11-01 09:10:34,4995-11-02 09:10:34,4995-11-02 09:40:34
1494,275,261,4109,2160,5802-12-29 07:31:25,5802-12-30 07:31:25,5802-12-30 08:01:25
1378,898,518,4109,1045,5819-02-24 08:17:41,5819-02-25 08:17:41,5819-02-25 08:47:41
1138,466,372,4109,2404,7167-08-28 22:56:03,7167-08-29 22:56:03,7167-08-29 23:26:03
1912,24,804,4109,4513,5775-03-17 03:26:41,5775-03-18 03:26:41,5775-03-18 03:56:41
1765,16,336,4109,219,5543-05-17 18:16:47,5543-05-18 18:16:47,5543-05-18 18:46:47
1602,894,418,4109,313,7152-01-22 01:41:22,7152-01-23 01:41:22,7152-01-23 02:11:22
1429,756,799,4109,1967,7179-01-27 18:33:04,7179-01-28 18:33:04,7179-01-28 19:03:04
1134,146,833,4109,2548,5618-11-10 04:12:15,5618-11-11 04:12:15,5618-11-11 04:42:15
1440,147,123,4109,1564,6522-09-23 04:52:58,6522-09-24 04:52:58,6522-09-24 05:22:58
1340,45,630,4109,2534,6724-04-27 01:30:18,6724-04-28 01:30:18,6724-04-28 02:00:18
1902,66,793,4109,4181,6021-09-05 20:06:53,6021-09-06 20:06:53,6021-09-06 20:36:53
1355,50,103,4109,2964,5510-02-01 18:09:19,5510-02-02 18:09:19,5510-02-02 18:39:19
1100,892,617,4109,372,5525-10-09 16:23:06,5525-10-10 16:23:06,5525-10-10 16:53:06
1553,704,603,4109,67,6025-09-02 07:29:01,6025-09-03 07:29:01,6025-09-03 07:59:01
1143,892,874,4109,839,5392-09-16 01:24:19,5392-09-17 01:24:19,5392-09-17 01:54:19
1770,445,595,4109,2113,5848-08-31 14:13:44,5848-09-01 14:13:44,5848-09-01 14:43:44
1475,927,165,4109,4765,5100-02-06 11:16:33,5100-02-07 11:16:33,5100-02-07 11:46:33
1708,326,143,4109,4466,6254-08-15 05:48:40,6254-08-16 05:48:40,6254-08-16 06:18:40
1382,539,71,4109,1710,5899-07-04 04:26:23,5899-07-05 04:26:23,5899-07-05 04:56:23
1338,137,984,4109,684,5990-08-27 18:40:05,5990-08-28 18:40:05,5990-08-28 19:10:05
1200,596,490,4109,2698,6084-08-23 21:31:14,6084-08-24 21:31:14,6084-08-24 22:01:14
1408,910,491,4109,1005,6195-10-09 10:57:59,6195-10-10 10:57:59,6195-10-10 11:27:59
1249,89,339,4109,2316,6205-03-30 11:05:16,6205-03-31 11:05:16,6205-03-31 11:35:16
1309,286,599,4109,4846,7079-03-09 17:03:04,7079-03-10 17:03:04,7079-03-10 17:33:04
1706,254,454,4109,985,6511-11-03 09:18:46,6511-11-04 09:18:46,6511-11-04 09:48:46
1911,696,387,4109,701,6497-02-27 21:21:10,6497-02-28 21:21:10,6497-02-28 21:51:10
1303,116,36,4109,315,5244-08-29 13:17:07,5244-08-30 13:17:07,5244-08-30 13:47:07
1700,185,335,4109,4875,6005-04-28 09:59:26,6005-04-29 09:59:26,6005-04-29 10:29:26
1548,442,691,4109,2504,5543-01-03 04:22:08,5543-01-04 04:22:08,5543-01-04 04:52:08
1898,218,712,4109,1756,6234-03-30 08:01:15,6234-03-31 08:01:15,6234-03-31 08:31:15
1514,403,996,4109,473,6208-08-09 23:12:34,6208-08-10 23:12:34,6208-08-10 23:42:34
1534,905,986,4109,2058,5020-01-30 23:24:51,5020-01-31 23:24:51,5020-01-31 23:54:51
1600,449,514,4109,1869,5729-01-31 22:48:10,5729-02-01 22:48:10,5729-02-01 23:18:10
1979,806,990,4109,3799,5736-10-24 21:28:09,5736-10-25 21:28:09,5736-10-25 21:58:09
1723,932,983,4109,4812,6358-11-04 20:51:01,6358-11-05 20:51:01,6358-11-05 21:21:01
1897,730,313,4109,567,6459-09-24 03:19:27,6459-09-25 03:19:27,6459-09-25 03:49:27
1369,167,890,4109,1716,5930-12-15 20:46:57,5930-12-16 20:46:57,5930-12-16 21:16:57
1475,412,64,4109,4706,6781-02-06 17:40:51,6781-02-07 17:40:51,6781-02-07 18:10:51
1935,719,404,4109,476,6605-01-31 07:19:31,6605-02-01 07:19:31,6605-02-01 07:49:31
1445,607,51,4109,1469,5415-06-11 07:14:36,5415-06-12 07:14:36,5415-06-12 07:44:36
1957,626,442,4109,4161,6093-03-28 01:47:11,6093-03-29 01:47:11,6093-03-29 02:17:11
1848,69,855,4109,4708,6524-11-19 20:30:35,6524-11-20 20:30:35,6524-11-20 21:00:35
1237,627,839,4109,4113,6496-01-24 22:31:50,6496-01-25 22:31:50,6496-01-25 23:01:50
1414,103,178,4109,2041,5313-05-30 17:20:25,5313-05-31 17:20:25,5313-05-31 17:50:25
1304,316,9,4109,1052,6009-04-21 18:35:38,6009-04-22 18:35:38,6009-04-22 19:05:38
1637,877,811,4109,4858,5349-03-17 21:48:09,5349-03-18 21:48:09,5349-03-18 22:18:09
1870,697,95,4109,1279,5254-11-01 19:46:18,5254-11-02 19:46:18,5254-11-02 20:16:18
1552,630,795,4109,4837,6619-01-22 13:26:20,6619-01-23 13:26:20,6619-01-23 13:56:20
1775,468,327,4109,4550,5354-02-02 23:15:04,5354-02-03 23:15:04,5354-02-03 23:45:04
1458,316,202,4109,835,5825-05-06 05:41:38,5825-05-07 05:41:38,5825-05-07 06:11:38
1005,783,919,4109,1603,5637-04-20 20:08:59,5637-04-21 20:08:59,5637-04-21 20:38:59
1566,129,482,4109,1622,6415-10-01 07:00:48,6415-10-02 07:00:48,6415-10-02 07:30:48
1812,391,605,4109,67,6299-05-10 03:09:00,6299-05-11 03:09:00,6299-05-11 03:39:00
1431,670,466,4109,3850,6658-03-20 14:26:52,6658-03-21 14:26:52,6658-03-21 14:56:52
1411,306,776,4109,199,6924-05-29 16:18:42,6924-05-30 16:18:42,6924-05-30 16:48:42
1798,394,659,4109,1236,5417-03-29 00:32:27,5417-03-30 00:32:27,5417-03-30 01:02:27
1414,973,507,4109,4661,5109-01-18 13:40:21,5109-01-19 13:40:21,5109-01-19 14:10:21
1947,812,341,4109,4039,5816-04-07 10:08:26,5816-04-08 10:08:26,5816-04-08 10:38:26
1618,951,188,4109,2320,5333-09-17 14:29:01,5333-09-18 14:29:01,5333-09-18 14:59:01
1212,270,68,4109,1027,6030-04-05 10:22:19,6030-04-06 10:22:19,6030-04-06 10:52:19
1228,26,801,4109,2400,5301-05-22 15:51:41,5301-05-23 15:51:41,5301-05-23 16:21:41
1708,624,581,4109,3701,6043-02-02 09:25:29,6043-02-03 09:25:29,6043-02-03 09:55:29
1552,710,824,4109,624,5881-10-07 11:26:47,5881-10-08 11:26:47,5881-10-08 11:56:47
1577,607,562,4109,1501,5024-12-21 06:27:14,5024-12-22 06:27:14,5024-12-22 06:57:14
1684,840,949,4109,2172,5432-04-12 11:27:40,5432-04-13 11:27:40,5432-04-13 11:57:40
1569,980,918,4109,3920,6141-10-11 19:51:16,6141-10-12 19:51:16,6141-10-12 20:21:16
1077,270,900,4109,3628,5362-07-02 04:48:41,5362-07-03 04:48:41,5362-07-03 05:18:41
1620,516,333,4109,315,6540-07-02 08:38:19,6540-07-03 08:38:19,6540-07-03 09:08:19
1182,404,961,4109,988,6574-07-16 01:48:42,6574-07-17 01:48:42,6574-07-17 02:18:42
1752,786,710,4109,3752,6586-02-16 04:51:37,6586-02-17 04:51:37,6586-02-17 05:21:37
1088,24,742,4109,11,6013-11-19 21:38:59,6013-11-20 21:38:59,6013-11-20 22:08:59
1716,5,735,4109,3257,7189-05-14 19:02:25,7189-05-15 19:02:25,7189-05-15 19:32:25
1559,882,621,4109,4997,5821-02-19 09:09:22,5821-02-20 09:09:22,5821-02-20 09:39:22
1309,802,364,4109,3221,7149-11-30 04:56:01,7149-12-01 04:56:01,7149-12-01 05:26:01
1511,841,356,4109,3038,6613-10-24 18:04:37,6613-10-25 18:04:37,6613-10-25 18:34:37
1782,669,137,4109,1962,5402-02-08 02:07:41,5402-02-09 02:07:41,5402-02-09 02:37:41
1504,239,4,4109,12,5554-02-16 14:40:39,5554-02-17 14:40:39,5554-02-17 15:10:39
1129,681,383,4109,3862,5489-10-30 14:17:06,5489-10-31 14:17:06,5489-10-31 14:47:06
1778,785,440,4109,3284,5282-02-15 04:52:07,5282-02-16 04:52:07,5282-02-16 05:22:07
1500,969,940,4109,421,6038-02-02 15:33:19,6038-02-03 15:33:19,6038-02-03 16:03:19
1978,792,196,4109,1967,6398-03-27 12:41:55,6398-03-28 12:41:55,6398-03-28 13:11:55
1287,791,393,4109,754,7019-12-22 08:30:27,7019-12-23 08:30:27,7019-12-23 09:00:27
1122,497,597,4109,4946,6131-08-07 11:51:41,6131-08-08 11:51:41,6131-08-08 12:21:41
1135,778,366,4109,3786,6772-06-27 12:08:26,6772-06-28 12:08:26,6772-06-28 12:38:26
1086,952,461,4109,3387,6752-04-08 14:54:46,6752-04-09 14:54:46,6752-04-09 15:24:46
1853,924,525,4109,4827,5914-11-12 01:04:32,5914-11-13 01:04:32,5914-11-13 01:34:32
1870,855,61,4109,1315,6133-10-19 08:46:01,6133-10-20 08:46:01,6133-10-20 09:16:01
1822,436,655,4109,2519,7119-08-20 08:44:47,7119-08-21 08:44:47,7119-08-21 09:14:47
1987,74,135,4109,863,5735-10-20 19:53:57,5735-10-21 19:53:57,5735-10-21 20:23:57
1414,321,838,4109,4758,5225-05-15 05:36:58,5225-05-16 05:36:58,5225-05-16 06:06:58
1023,366,332,4109,1681,6228-03-27 03:42:59,6228-03-28 03:42:59,6228-03-28 04:12:59
1885,602,94,4109,1965,5370-10-08 14:10:07,5370-10-09 14:10:07,5370-10-09 14:40:07
1593,929,164,4109,527,6079-09-13 22:17:51,6079-09-14 22:17:51,6079-09-14 22:47:51
1984,177,234,4109,2106,5037-06-23 21:16:34,5037-06-24 21:16:34,5037-06-24 21:46:34
1525,715,786,4109,8,6387-05-20 14:32:45,6387-05-21 14:32:45,6387-05-21 15:02:45
1752,913,295,4109,2696,5267-07-22 14:16:56,5267-07-23 14:16:56,5267-07-23 14:46:56
1755,67,827,4109,3221,5975-05-14 17:56:42,5975-05-15 17:56:42,5975-05-15 18:26:42
1397,202,174,4109,128,6907-10-26 17:43:43,6907-10-27 17:43:43,6907-10-27 18:13:43
1824,48,607,4109,3913,7187-11-05 06:59:07,7187-11-06 06:59:07,7187-11-06 07:29:07
1654,4,288,4109,4100,5169-06-30 17:21:44,5169-07-01 17:21:44,5169-07-01 17:51:44
1273,932,959,4109,4991,5546-06-14 11:31:34,5546-06-15 11:31:34,5546-06-15 12:01:34
1196,961,715,4109,4187,7040-12-15 13:22:47,7040-12-16 13:22:47,7040-12-16 13:52:47
1907,578,113,4109,3366,6414-05-21 23:05:04,6414-05-22 23:05:04,6414-05-22 23:35:04
1863,447,330,4109,4557,6534-10-02 23:40:52,6534-10-03 23:40:52,6534-10-04 00:10:52
1483,144,688,4109,237,6101-09-30 16:41:07,6101-10-01 16:41:07,6101-10-01 17:11:07
1427,857,696,4109,3697,6673-09-15 12:17:25,6673-09-16 12:17:25,6673-09-16 12:47:25
1114,871,204,4109,1116,6873-04-03 06:05:48,6873-04-04 06:05:48,6873-04-04 06:35:48
1366,499,178,4109,843,5144-06-28 15:39:14,5144-06-29 15:39:14,5144-06-29 16:09:14
1337,467,116,4109,2058,6208-02-23 06:12:50,6208-02-24 06:12:50,6208-02-24 06:42:50
1054,835,791,4109,2487,7174-06-23 21:54:34,7174-06-24 21:54:34,7174-06-24 22:24:34
1263,270,644,4109,440,5942-01-28 17:07:59,5942-01-29 17:07:59,5942-01-29 17:37:59
1842,474,315,4109,952,5598-07-14 10:56:12,5598-07-15 10:56:12,5598-07-15 11:26:12
1290,491,513,4109,3747,7173-07-31 09:00:05,7173-08-01 09:00:05,7173-08-01 09:30:05
1726,135,819,4109,2703,5453-08-07 03:30:48,5453-08-08 03:30:48,5453-08-08 04:00:48
1225,159,128,4109,4377,6793-09-29 06:36:50,6793-09-30 06:36:50,6793-09-30 07:06:50
1247,976,1,4109,2065,6856-03-11 20:18:05,6856-03-12 20:18:05,6856-03-12 20:48:05
1446,373,287,4109,3421,5305-11-03 14:47:45,5305-11-04 14:47:45,5305-11-04 15:17:45
1965,434,330,4109,158,5217-03-13 23:39:25,5217-03-14 23:39:25,5217-03-15 00:09:25
1300,904,686,4109,1552,6784-10-15 07:59:31,6784-10-16 07:59:31,6784-10-16 08:29:31
1105,475,917,4109,2304,5827-09-04 02:16:41,5827-09-05 02:16:41,5827-09-05 02:46:41
1442,931,57,4109,2803,6160-07-29 04:51:58,6160-07-30 04:51:58,6160-07-30 05:21:58
1631,504,761,4109,4064,5677-11-28 14:56:04,5677-11-29 14:56:04,5677-11-29 15:26:04
1531,710,738,4109,3439,5171-04-28 05:48:36,5171-04-29 05:48:36,5171-04-29 06:18:36
1577,883,525,4109,2959,5138-10-26 07:43:34,5138-10-27 07:43:34,5138-10-27 08:13:34
1175,586,343,4109,858,6465-08-03 13:38:59,6465-08-04 13:38:59,6465-08-04 14:08:59
1381,722,920,4109,3366,5612-10-21 04:06:10,5612-10-22 04:06:10,5612-10-22 04:36:10
1885,924,701,4109,2816,5093-01-13 17:36:45,5093-01-14 17:36:45,5093-01-14 18:06:45
1539,842,68,4109,2718,5776-12-02 10:29:27,5776-12-03 10:29:27,5776-12-03 10:59:27
1794,518,765,4109,3361,6695-08-04 11:14:35,6695-08-05 11:14:35,6695-08-05 11:44:35
1938,613,479,4109,882,5433-06-19 22:31:50,5433-06-20 22:31:50,5433-06-20 23:01:50
1750,540,992,4109,440,5097-10-22 08:55:09,5097-10-23 08:55:09,5097-10-23 09:25:09
1824,28,312,4109,2340,5164-03-06 04:52:35,5164-03-07 04:52:35,5164-03-07 05:22:35
1318,16,283,4109,469,6167-11-03 03:33:44,6167-11-04 03:33:44,6167-11-04 04:03:44
1094,739,907,4109,2408,6738-06-26 11:21:30,6738-06-27 11:21:30,6738-06-27 11:51:30
1452,883,55,4109,3528,6480-08-29 07:34:17,6480-08-30 07:34:17,6480-08-30 08:04:17
1692,334,393,4109,833,5088-03-25 10:48:25,5088-03-26 10:48:25,5088-03-26 11:18:25
1167,4,801,4109,3657,5347-11-16 12:55:09,5347-11-17 12:55:09,5347-11-17 13:25:09
1716,461,273,4109,960,6959-12-17 19:43:04,6959-12-18 19:43:04,6959-12-18 20:13:04
1390,390,893,4109,1453,5380-08-29 16:45:28,5380-08-30 16:45:28,5380-08-30 17:15:28
1729,541,294,4109,379,5427-10-21 06:53:11,5427-10-22 06:53:11,5427-10-22 07:23:11
1027,455,222,4109,1111,7043-10-23 02:16:10,7043-10-24 02:16:10,7043-10-24 02:46:10
1125,340,103,4109,3587,5718-08-02 11:45:53,5718-08-03 11:45:53,5718-08-03 12:15:53
1047,455,365,4109,2106,5775-03-28 21:40:03,5775-03-29 21:40:03,5775-03-29 22:10:03
1854,792,763,4109,742,7199-03-18 20:25:04,7199-03-19 20:25:04,7199-03-19 20:55:04
1566,692,457,4109,248,5549-01-24 11:14:03,5549-01-25 11:14:03,5549-01-25 11:44:03
1122,394,47,4109,1706,6275-01-18 18:04:39,6275-01-19 18:04:39,6275-01-19 18:34:39
1480,182,698,4109,4727,7001-07-13 06:48:54,7001-07-14 06:48:54,7001-07-14 07:18:54
1735,421,556,4109,1552,7251-10-14 08:18:45,7251-10-15 08:18:45,7251-10-15 08:48:45
1480,162,95,4109,432,5006-03-02 12:04:59,5006-03-03 12:04:59,5006-03-03 12:34:59
1430,675,913,4109,1928,6303-07-17 08:24:39,6303-07-18 08:24:39,6303-07-18 08:54:39
1798,129,962,4109,3086,5977-07-26 21:52:20,5977-07-27 21:52:20,5977-07-27 22:22:20
1211,593,715,4109,3400,6547-08-22 04:26:43,6547-08-23 04:26:43,6547-08-23 04:56:43
1832,173,158,4109,918,6362-07-07 17:58:51,6362-07-08 17:58:51,6362-07-08 18:28:51
1619,154,7,4109,4095,7023-04-05 15:34:29,7023-04-06 15:34:29,7023-04-06 16:04:29
1170,842,226,4109,1462,6621-03-22 00:14:33,6621-03-23 00:14:33,6621-03-23 00:44:33
1238,190,756,4109,3458,6978-11-21 15:13:14,6978-11-22 15:13:14,6978-11-22 15:43:14
1628,454,655,4109,4524,6577-09-04 12:24:33,6577-09-05 12:24:33,6577-09-05 12:54:33
1571,161,852,4109,3465,7138-10-02 04:33:53,7138-10-03 04:33:53,7138-10-03 05:03:53
1363,887,375,4109,3728,6369-10-18 08:21:08,6369-10-19 08:21:08,6369-10-19 08:51:08
1366,629,942,4109,2805,5843-06-15 21:33:34,5843-06-16 21:33:34,5843-06-16 22:03:34
1117,816,805,4109,1591,6351-11-16 03:49:58,6351-11-17 03:49:58,6351-11-17 04:19:58
1468,286,765,4109,4751,6762-10-24 17:08:43,6762-10-25 17:08:43,6762-10-25 17:38:43
1059,872,93,4109,4502,5570-02-22 20:22:44,5570-02-23 20:22:44,5570-02-23 20:52:44
1422,527,158,4109,763,6269-07-17 19:49:54,6269-07-18 19:49:54,6269-07-18 20:19:54
1329,527,658,4109,4957,6276-04-29 01:04:02,6276-04-30 01:04:02,6276-04-30 01:34:02
1675,71,139,4109,3284,5522-09-30 15:02:36,5522-10-01 15:02:36,5522-10-01 15:32:36
1341,510,502,4109,4224,6147-04-06 20:16:30,6147-04-07 20:16:30,6147-04-07 20:46:30
1265,59,707,4109,1135,5122-09-23 16:46:46,5122-09-24 16:46:46,5122-09-24 17:16:46
1850,314,782,4109,1784,6083-08-10 15:53:53,6083-08-11 15:53:53,6083-08-11 16:23:53
1670,719,419,4109,1476,5894-08-18 11:52:16,5894-08-19 11:52:16,5894-08-19 12:22:16
1634,607,956,4109,1571,6878-01-11 09:10:36,6878-01-12 09:10:36,6878-01-12 09:40:36
1512,875,857,4109,4183,6864-11-01 17:04:29,6864-11-02 17:04:29,6864-11-02 17:34:29
1578,867,56,4109,3490,7006-03-13 03:35:19,7006-03-14 03:35:19,7006-03-14 04:05:19
1990,66,394,4109,4049,5247-09-08 04:32:01,5247-09-09 04:32:01,5247-09-09 05:02:01
1792,439,236,4109,4726,5844-05-30 05:30:36,5844-05-31 05:30:36,5844-05-31 06:00:36
1541,986,627,4109,2190,6134-11-11 00:25:09,6134-11-12 00:25:09,6134-11-12 00:55:09
1873,579,353,4109,3532,6991-01-02 08:10:50,6991-01-03 08:10:50,6991-01-03 08:40:50
1802,193,343,4109,1355,5905-08-11 02:04:10,5905-08-12 02:04:10,5905-08-12 02:34:10
1931,838,577,4109,190,5709-07-19 09:44:01,5709-07-20 09:44:01,5709-07-20 10:14:01
1845,794,475,4109,701,5166-04-24 02:29:50,5166-04-25 02:29:50,5166-04-25 02:59:50
1659,849,241,4109,2071,6479-10-01 20:29:16,6479-10-02 20:29:16,6479-10-02 20:59:16
1416,390,977,4109,4055,5273-02-18 17:03:17,5273-02-19 17:03:17,5273-02-19 17:33:17
1407,409,892,4109,248,5485-01-23 11:07:58,5485-01-24 11:07:58,5485-01-24 11:37:58
1720,533,95,4109,749,6468-04-15 16:02:57,6468-04-16 16:02:57,6468-04-16 16:32:57
1655,110,281,4109,4841,5855-12-29 06:11:07,5855-12-30 06:11:07,5855-12-30 06:41:07
1560,59,362,4109,4060,6275-05-23 09:35:48,6275-05-24 09:35:48,6275-05-24 10:05:48
1865,164,161,4109,476,6424-06-22 11:45:33,6424-06-23 11:45:33,6424-06-23 12:15:33
1187,627,542,4109,3213,5481-03-23 06:21:03,5481-03-24 06:21:03,5481-03-24 06:51:03
1790,785,500,4109,2583,5330-03-19 13:39:06,5330-03-20 13:39:06,5330-03-20 14:09:06
1812,86,192,4109,4290,5818-03-27 22:28:49,5818-03-28 22:28:49,5818-03-28 22:58:49
1522,15,168,4109,2190,5019-03-11 20:34:00,5019-03-12 20:34:00,5019-03-12 21:04:00
1855,103,167,4109,4472,6881-08-19 16:28:44,6881-08-20 16:28:44,6881-08-20 16:58:44
1686,569,839,4109,4567,5031-08-17 16:37:49,5031-08-18 16:37:49,5031-08-18 17:07:49
1336,976,150,4109,1536,6279-05-17 16:43:37,6279-05-18 16:43:37,6279-05-18 17:13:37
1251,732,846,4109,978,5268-12-30 08:30:48,5268-12-31 08:30:48,5268-12-31 09:00:48
1832,743,341,4109,2959,7149-08-23 01:40:52,7149-08-24 01:40:52,7149-08-24 02:10:52
1256,743,879,4109,3037,6323-04-01 08:16:14,6323-04-02 08:16:14,6323-04-02 08:46:14
1764,665,927,4109,1055,5671-09-21 00:40:24,5671-09-22 00:40:24,5671-09-22 01:10:24
1442,969,193,4109,704,5448-07-07 11:24:47,5448-07-08 11:24:47,5448-07-08 11:54:47
1816,197,797,4109,1961,6318-09-16 16:38:40,6318-09-17 16:38:40,6318-09-17 17:08:40
1007,776,917,4109,4798,6866-02-20 08:44:08,6866-02-21 08:44:08,6866-02-21 09:14:08
1649,987,124,4109,3406,5863-11-08 11:44:33,5863-11-09 11:44:33,5863-11-09 12:14:33
1698,81,224,4109,2688,5276-09-29 22:02:34,5276-09-30 22:02:34,5276-09-30 22:32:34
1442,827,970,4109,2583,6898-09-26 10:56:16,6898-09-27 10:56:16,6898-09-27 11:26:16
1718,984,45,4109,3850,5303-06-22 02:03:56,5303-06-23 02:03:56,5303-06-23 02:33:56
1893,305,703,4109,582,6935-02-25 21:30:31,6935-02-26 21:30:31,6935-02-26 22:00:31
1760,234,111,4109,2719,6149-04-02 13:25:11,6149-04-03 13:25:11,6149-04-03 13:55:11
1266,540,584,4109,4536,6937-08-03 07:17:21,6937-08-04 07:17:21,6937-08-04 07:47:21
1017,585,156,4109,2764,5276-11-10 21:37:24,5276-11-11 21:37:24,5276-11-11 22:07:24
1780,880,351,4109,3393,5866-03-01 04:44:25,5866-03-02 04:44:25,5866-03-02 05:14:25
1938,75,766,4109,928,5369-11-08 21:39:34,5369-11-09 21:39:34,5369-11-09 22:09:34
1156,730,218,4109,2041,5768-01-27 17:32:22,5768-01-28 17:32:22,5768-01-28 18:02:22
1425,134,715,4109,4391,6654-10-03 00:12:33,6654-10-04 00:12:33,6654-10-04 00:42:33
1646,912,76,4109,583,5523-11-15 22:17:37,5523-11-16 22:17:37,5523-11-16 22:47:37
1989,6,404,4109,1943,5184-02-06 14:34:40,5184-02-07 14:34:40,5184-02-07 15:04:40
1533,292,434,4109,1635,6076-01-26 01:44:33,6076-01-27 01:44:33,6076-01-27 02:14:33
1463,872,70,4109,2567,6273-01-11 12:05:57,6273-01-12 12:05:57,6273-01-12 12:35:57
1158,20,213,4109,540,5171-08-09 13:26:53,5171-08-10 13:26:53,5171-08-10 13:56:53
1280,199,35,4109,3257,5911-03-18 00:57:55,5911-03-19 00:57:55,5911-03-19 01:27:55
1553,942,34,4109,1207,6438-12-12 15:29:52,6438-12-13 15:29:52,6438-12-13 15:59:52
1603,833,7,4109,1201,7141-04-03 09:50:52,7141-04-04 09:50:52,7141-04-04 10:20:52
1034,69,547,4109,3037,5952-08-03 11:03:03,5952-08-04 11:03:03,5952-08-04 11:33:03
1085,670,860,4109,1508,6518-07-27 19:21:01,6518-07-28 19:21:01,6518-07-28 19:51:01
1294,987,979,4109,4531,6889-08-27 09:17:18,6889-08-28 09:17:18,6889-08-28 09:47:18
1933,196,374,4109,838,6613-04-06 03:23:33,6613-04-07 03:23:33,6613-04-07 03:53:33
1184,891,663,4109,2433,5256-02-18 19:53:15,5256-02-19 19:53:15,5256-02-19 20:23:15
1197,105,244,4109,4568,5457-01-28 21:43:37,5457-01-29 21:43:37,5457-01-29 22:13:37
1839,111,716,4109,1562,6240-09-21 02:13:20,6240-09-22 02:13:20,6240-09-22 02:43:20
1776,15,62,4109,831,6209-06-15 17:18:06,6209-06-16 17:18:06,6209-06-16 17:48:06
1430,232,108,4109,4315,6824-08-09 14:29:13,6824-08-10 14:29:13,6824-08-10 14:59:13
1076,472,146,4109,2170,5355-09-28 15:46:06,5355-09-29 15:46:06,5355-09-29 16:16:06
1640,222,527,4109,3996,5621-06-11 09:15:14,5621-06-12 09:15:14,5621-06-12 09:45:14
1741,386,512,4109,4447,6009-08-29 04:20:38,6009-08-30 04:20:38,6009-08-30 04:50:38
1904,867,399,4109,2710,6975-06-21 20:07:05,6975-06-22 20:07:05,6975-06-22 20:37:05
1367,976,26,4109,2074,5204-01-18 18:27:36,5204-01-19 18:27:36,5204-01-19 18:57:36
1944,185,148,4109,1726,5788-01-07 09:45:36,5788-01-08 09:45:36,5788-01-08 10:15:36
1886,483,124,4109,855,5560-12-02 11:59:22,5560-12-03 11:59:22,5560-12-03 12:29:22
1224,218,29,4109,1781,6230-05-19 07:26:11,6230-05-20 07:26:11,6230-05-20 07:56:11
1109,519,125,4109,3332,5252-09-22 16:28:20,5252-09-23 16:28:20,5252-09-23 16:58:20
1998,215,215,4109,2854,6919-09-09 17:45:51,6919-09-10 17:45:51,6919-09-10 18:15:51
1242,436,72,4109,3395,5643-01-30 23:11:36,5643-01-31 23:11:36,5643-01-31 23:41:36
1634,96,10,4109,3896,5709-09-27 07:36:50,5709-09-28 07:36:50,5709-09-28 08:06:50
1436,547,900,4109,4150,6720-06-22 10:44:45,6720-06-23 10:44:45,6720-06-23 11:14:45
1294,375,333,4109,2833,5533-12-19 10:29:31,5533-12-20 10:29:31,5533-12-20 10:59:31
1762,604,991,4109,3628,4981-10-06 07:25:46,4981-10-07 07:25:46,4981-10-07 07:55:46
1105,814,35,4109,4614,6526-04-15 00:06:41,6526-04-16 00:06:41,6526-04-16 00:36:41
1438,382,115,4109,2461,5551-08-22 21:09:17,5551-08-23 21:09:17,5551-08-23 21:39:17
1678,789,263,4109,4392,5424-04-08 12:12:15,5424-04-09 12:12:15,5424-04-09 12:42:15
1508,653,500,4109,1689,6143-05-27 21:55:35,6143-05-28 21:55:35,6143-05-28 22:25:35
1883,59,839,4109,469,5547-10-06 23:59:27,5547-10-07 23:59:27,5547-10-08 00:29:27
1292,555,175,4109,3744,5807-03-17 13:13:35,5807-03-18 13:13:35,5807-03-18 13:43:35
1970,859,970,4109,3448,7144-07-28 18:59:57,7144-07-29 18:59:57,7144-07-29 19:29:57
1293,780,430,4109,4834,5541-10-05 03:48:37,5541-10-06 03:48:37,5541-10-06 04:18:37
1699,261,987,4109,1499,7157-12-03 06:42:04,7157-12-04 06:42:04,7157-12-04 07:12:04
1468,334,492,4109,3498,7113-09-10 12:10:44,7113-09-11 12:10:44,7113-09-11 12:40:44
1702,622,192,4109,1541,5817-01-01 21:17:08,5817-01-02 21:17:08,5817-01-02 21:47:08
1311,469,784,4109,2031,5681-08-06 12:26:01,5681-08-07 12:26:01,5681-08-07 12:56:01
1802,701,666,4109,1872,5725-12-24 10:08:32,5725-12-25 10:08:32,5725-12-25 10:38:32
1190,648,160,4109,4749,6274-10-18 00:28:10,6274-10-19 00:28:10,6274-10-19 00:58:10
1827,541,204,4109,4968,5892-07-07 15:16:37,5892-07-08 15:16:37,5892-07-08 15:46:37
1673,951,213,4109,2352,5881-11-05 14:08:47,5881-11-06 14:08:47,5881-11-06 14:38:47
1113,134,760,4109,4634,5180-09-18 00:44:53,5180-09-19 00:44:53,5180-09-19 01:14:53
1739,166,709,4109,3728,6965-01-19 03:20:50,6965-01-20 03:20:50,6965-01-20 03:50:50
1473,373,499,4109,790,7116-04-08 20:00:41,7116-04-09 20:00:41,7116-04-09 20:30:41
1216,11,961,4109,4100,7025-02-16 16:56:10,7025-02-17 16:56:10,7025-02-17 17:26:10
1533,571,610,4109,4912,6837-06-04 02:39:01,6837-06-05 02:39:01,6837-06-05 03:09:01
1653,587,971,4109,1693,5129-12-05 04:47:38,5129-12-06 04:47:38,5129-12-06 05:17:38
1158,812,426,4109,769,6473-02-07 19:49:21,6473-02-08 19:49:21,6473-02-08 20:19:21
1930,998,889,4109,3703,5077-01-13 06:57:05,5077-01-14 06:57:05,5077-01-14 07:27:05
1561,179,903,4109,2519,6375-11-22 21:31:42,6375-11-23 21:31:42,6375-11-23 22:01:42
1403,196,26,4109,1831,6561-04-14 20:49:53,6561-04-15 20:49:53,6561-04-15 21:19:53
1434,952,355,4109,752,6722-03-01 16:48:41,6722-03-02 16:48:41,6722-03-02 17:18:41
1932,487,921,4109,2010,5754-09-03 14:18:58,5754-09-04 14:18:58,5754-09-04 14:48:58
1345,427,749,4109,4707,6045-06-17 04:12:03,6045-06-18 04:12:03,6045-06-18 04:42:03
1204,270,312,4109,3699,7196-04-30 18:13:59,7196-05-01 18:13:59,7196-05-01 18:43:59
1015,207,996,4109,3285,6608-09-12 10:11:07,6608-09-13 10:11:07,6608-09-13 10:41:07
1203,666,643,4109,2014,6461-02-07 18:04:39,6461-02-08 18:04:39,6461-02-08 18:34:39
1645,527,150,4109,42,5817-01-01 08:58:23,5817-01-02 08:58:23,5817-01-02 09:28:23
1763,842,16,4109,1081,6474-05-29 04:53:04,6474-05-30 04:53:04,6474-05-30 05:23:04
1778,593,188,4109,612,6386-01-24 13:14:28,6386-01-25 13:14:28,6386-01-25 13:44:28
1608,396,184,4109,871,6130-02-08 15:14:46,6130-02-09 15:14:46,6130-02-09 15:44:46
1502,58,448,4109,1908,6424-11-22 07:38:38,6424-11-23 07:38:38,6424-11-23 08:08:38
1521,464,688,4109,4421,5838-09-17 09:04:15,5838-09-18 09:04:15,5838-09-18 09:34:15
1084,400,125,4109,2212,6936-01-22 02:25:31,6936-01-23 02:25:31,6936-01-23 02:55:31
1840,936,430,4109,2120,5168-11-30 18:34:32,5168-12-01 18:34:32,5168-12-01 19:04:32
1237,59,578,4109,451,5220-08-02 04:49:31,5220-08-03 04:49:31,5220-08-03 05:19:31
1829,890,411,4109,4810,6972-06-26 02:45:47,6972-06-27 02:45:47,6972-06-27 03:15:47
