vehiculeId,plannerId
235,4962
186,4397
540,4330
134,643
884,3035
698,1902
376,4408
244,4185
848,4549
177,1015
118,760
322,4739
758,2488
957,3805
582,2727
898,2292
51,2873
622,821
950,4644
433,3477
827,1163
228,2049
137,4439
665,238
865,1007
211,1970
751,4172
727,3669
430,4968
472,4642
797,4677
441,4114
202,3895
22,1840
874,875
885,528
984,1103
956,4599
59,52
877,476
172,4103
789,430
188,2653
998,257
134,1883
967,1631
514,4327
160,4617
306,1778
787,1124
241,1831
836,1303
59,4042
7,3409
908,2964
296,1778
435,4820
130,3424
671,998
488,3330
730,4272
683,3575
137,4141
405,4151
666,599
710,708
820,3314
414,2487
146,2771
127,3798
651,2383
50,143
310,2857
282,143
598,4977
714,50
615,1990
129,3717
480,2658
296,4977
788,443
378,3436
652,4819
665,4598
843,7
190,4161
505,999
864,3867
905,4445
721,4790
727,2417
326,3718
678,3868
913,2386
153,909
636,4054
573,3866
617,3699
666,1820
174,4422
745,950
747,2241
491,4114
607,2169
5,4838
367,4671
512,4531
56,4309
442,3785
755,2836
794,1726
104,1280
239,4654
590,3019
954,4871
377,4172
919,3868
464,4963
276,2542
725,3396
547,706
495,3424
680,1103
764,2722
191,3147
663,2887
842,4017
536,4731
286,710
472,4709
597,488
787,1815
236,3806
321,1601
788,219
346,4422
747,4357
29,2371
956,791
880,1643
795,874
859,3798
875,1747
100,2327
412,1542
606,1584
357,2744
593,2854
694,3843
510,3680
316,4745
516,2196
629,213
688,2696
71,2307
918,2510
875,4977
462,1513
108,3165
843,4554
573,3951
993,4183
638,3762
745,2487
986,4005
232,3839
856,1508
240,2461
419,3857
580,1939
775,3529
564,4657
103,3138
800,851
583,2828
587,2721
699,2911
842,501
615,4155
329,1979
217,3374
686,726
386,451
566,2887
185,1355
159,2052
93,787
267,685
196,4306
677,3374
953,1838
753,1887
840,4628
665,4564
246,4498
886,2810
154,3953
871,1383
588,3537
815,4150
452,1840
324,1388
470,4619
448,1091
134,3839
980,14
955,2885
979,527
911,1404
601,1822
120,1733
806,2541
527,3534
18,3625
312,388
316,3771
711,4395
850,4103
502,2226
591,1538
467,1274
529,1816
39,3129
642,471
363,2183
622,181
704,4238
224,3099
487,7
316,4340
170,909
864,1829
65,196
282,1224
865,4071
433,4181
130,1247
500,4453
639,2579
62,3834
563,1595
346,164
702,3029
497,4737
526,925
760,2325
282,218
154,1823
744,4141
668,4673
468,4863
271,2776
96,4546
102,3705
461,3242
966,4295
327,238
338,3812
59,4889
708,1503
448,181
893,874
732,4151
402,2974
34,3162
572,4238
519,1167
27,2690
137,1972
814,4872
350,4317
168,365
869,4972
637,4363
717,938
424,2399
144,3534
69,2960
670,2769
430,3019
237,2167
786,4292
468,2431
348,4693
123,2947
838,4649
228,4494
393,4812
867,3221
219,975
167,1539
997,2950
484,4171
841,1558
939,4153
493,4421
623,1301
512,3146
21,4583
239,457
96,39
191,1813
218,57
109,3953
187,212
519,3641
792,219
122,4292
522,2669
5,3968
557,3088
127,2951
630,1354
225,1601
471,2456
261,2428
395,2821
481,3493
163,3437
892,1845
704,868
448,2964
969,2364
887,4018
932,2246
887,1409
90,826
302,3859
217,2100
973,4998
832,1005
135,2659
416,4439
314,56
895,3965
535,1569
816,244
861,4421
51,4239
286,3493
846,1747
667,4370
362,4494
960,1406
958,172
466,392
702,3645
188,54
555,3505
207,3868
70,1416
215,387
117,1829
24,1615
980,2403
626,2364
626,222
75,883
886,4929
305,4342
836,886
969,1649
329,1436
800,2868
660,4904
67,2899
487,3067
958,2745
994,4581
470,2014
801,4239
264,4150
725,1884
371,2915
362,1921
286,1719
786,1483
275,2128
882,4327
500,2503
419,710
204,3127
423,4968
185,3681
725,2558
450,3404
964,1252
132,162
432,1240
961,1825
429,258
388,978
76,3889
359,4863
809,4055
804,3072
391,4204
927,2147
763,1681
627,1821
814,3700
382,4790
361,3683
750,1584
402,3643
33,599
593,708
912,2828
830,4060
162,189
553,4499
787,238
173,2292
505,183
144,2536
467,2200
757,1584
466,1922
148,3534
784,4074
535,3644
202,1340
261,2262
743,3218
286,3209
788,2222
942,4253
647,446
736,21
321,1122
304,2435
112,1776
686,4376
929,4944
388,183
325,4164
544,3769
632,3960
295,1922
568,4066
959,4030
824,3790
527,3950
82,3701
239,2487
938,4427
677,4557
412,2851
292,2242
289,1683
33,3798
335,1935
947,4567
578,1584
197,4094
826,3061
261,2276
193,4629
328,4705
434,113
832,382
875,4436
743,4142
725,1158
560,582
288,4654
502,3282
310,4060
728,4363
246,4996
910,4054
756,1018
282,2788
595,4003
1000,1448
724,3383
868,504
867,1977
153,3628
785,2754
900,2924
448,3886
973,2889
719,2327
49,565
880,4292
97,2870
222,2964
546,513
529,1433
979,4515
178,1460
290,2022
541,2985
487,4253
185,4436
541,818
860,1544
812,2159
632,1768
100,1656
101,4717
268,695
895,2014
308,3146
692,183
641,238
101,4518
16,2874
758,4408
562,1394
266,3866
212,61
972,4357
565,3053
102,3700
743,414
874,973
451,479
208,2870
895,4514
675,1891
856,862
326,2022
193,939
507,911
813,4166
875,2335
134,3089
674,3314
737,3166
536,1586
153,987
944,3874
980,4757
72,3778
940,1115
891,154
867,3681
47,2732
968,205
690,210
500,4495
445,1027
915,1725
616,1244
905,3810
883,2786
386,3159
924,3868
41,3839
126,600
181,4323
879,3210
475,4545
427,613
697,327
837,2359
237,2749
340,665
694,3252
341,1396
987,4595
166,4790
729,4681
169,3715
998,2327
812,3951
162,3654
354,3687
920,4138
71,3641
774,1864
168,1854
658,3090
164,3404
391,3133
485,3413
866,2841
492,709
569,3747
371,4298
192,3190
897,4829
705,1995
662,3809
608,4162
824,4628
710,2734
6,2396
560,1109
937,4495
934,2539
504,1666
912,36
36,3134
405,4741
563,4806
873,4111
684,4906
23,3772
863,1525
696,4527
463,3361
249,4071
494,4684
567,1642
665,3804
782,4381
277,2541
401,2022
849,1675
493,1122
84,50
189,1103
692,3195
963,791
614,1615
347,851
404,3688
483,3254
758,3639
585,787
942,4352
347,4574
743,4111
386,1900
653,1719
462,2023
516,3912
583,1158
114,995
933,1997
522,4315
627,3813
913,4451
595,2928
381,3860
302,2525
818,1858
376,3127
900,1992
586,4950
499,1891
854,4716
374,1182
414,4298
839,938
623,2670
378,4531
738,4109
293,12
637,2487
642,874
517,2486
703,1465
27,2935
969,1011
555,581
560,2531
455,1254
466,3644
125,3497
77,4323
843,511
821,3344
579,4446
694,2929
662,3771
151,4223
925,2318
436,2170
50,4525
104,3222
149,1783
58,2986
722,1244
736,938
48,2019
85,3790
252,4481
116,1404
484,2166
527,987
537,4934
529,1704
349,2645
808,2970
865,1748
637,704
12,2509
835,2371
587,218
409,2870
151,787
386,2288
435,886
961,2528
930,1635
942,4574
811,487
537,2732
899,2894
987,3150
510,315
154,1930
537,2280
375,4538
716,511
828,4066
529,4991
27,2846
763,3877
681,821
591,3606
879,3230
314,2846
654,4831
694,3547
606,513
872,3700
689,1824
935,2532
245,48
197,1996
822,2919
970,2488
304,2055
684,3537
62,1718
38,2347
70,4814
329,238
266,4945
659,1297
853,1852
914,726
23,3637
281,2196
183,2147
20,3820
164,2642
534,1068
50,3031
812,21
944,911
201,4700
440,2531
403,852
799,1585
642,514
836,1254
15,2180
851,2168
353,234
474,4070
334,3578
774,1483
91,4858
777,1182
375,3971
85,3700
356,2887
640,2383
109,1824
832,3816
305,1843
173,4226
480,4735
149,4092
356,2947
162,3820
10,3044
932,1640
519,4498
446,818
210,1829
802,3842
523,2872
902,4419
779,112
846,4456
409,1348
920,100
314,1829
389,978
863,4060
739,2351
210,4535
17,3790
982,4849
246,643
288,3974
173,1638
680,3682
296,1104
180,1972
89,3562
598,4111
688,2560
489,613
822,3940
240,3094
827,1109
199,3330
765,2139
367,3547
91,820
786,4054
979,1900
430,21
313,3134
317,4309
272,2321
675,3700
395,2744
437,1091
685,4486
157,2829
87,963
55,4490
376,943
24,3537
81,4327
388,1221
951,1433
33,595
704,3745
438,3906
79,4113
281,963
599,1509
217,2032
653,4265
700,446
439,2100
270,2964
19,3224
615,1014
977,704
719,3625
953,4832
439,3746
218,3383
447,2941
38,4298
938,1811
579,2055
516,1693
833,2341
126,4264
801,875
999,4011
86,4226
28,4968
357,4395
588,2127
922,2884
690,143
218,3506
131,2019
139,130
870,715
981,2539
402,708
922,1244
150,1032
949,3067
93,1965
670,4815
234,4234
984,765
996,1029
232,4996
11,3138
450,2621
554,925
447,2812
500,487
39,1079
51,3252
923,1410
554,1716
386,253
874,3820
207,2612
443,1214
412,4296
729,1641
26,4564
436,1693
611,2291
68,1729
522,4172
196,4451
972,281
423,3358
148,613
232,1292
748,878
474,545
340,1664
979,4952
382,1858
533,3029
831,1027
334,1839
578,4094
732,3645
18,1381
602,1680
6,1163
533,4114
504,957
517,368
791,1442
25,476
687,1747
630,4383
738,2958
119,757
579,3661
54,3023
11,3357
595,977
711,4562
888,1595
850,3843
810,3487
618,1679
80,1205
26,1664
630,4985
469,501
946,2828
216,1638
701,3834
185,3089
464,4777
710,2287
199,4457
870,1584
792,1664
584,4596
613,613
322,488
987,4658
945,1887
163,3178
835,641
73,2022
313,2709
224,892
964,2292
742,185
776,487
263,4843
809,3839
740,2703
518,4023
448,4628
790,1558
577,4017
31,3373
968,3139
224,4948
407,2894
586,1683
179,1229
761,3708
660,1190
774,2316
150,3203
746,1883
383,2974
791,1086
942,4948
472,3859
825,1984
412,1919
375,316
777,1381
747,302
724,2509
640,2872
70,4296
509,1235
585,2502
842,2873
390,1892
871,4596
931,4396
773,2123
678,1375
652,3551
571,682
881,1158
2,2008
566,1624
977,301
897,4962
746,709
162,4790
912,2965
52,1587
855,4200
200,3753
199,2792
805,3637
172,2055
270,629
855,1662
258,2912
883,2696
539,3660
915,4489
24,2738
995,4531
963,1584
421,2884
417,3184
985,2887
443,2147
913,1538
166,4471
974,2224
834,3497
516,3529
840,2158
827,4226
373,4707
491,1948
792,3547
763,3306
421,2659
147,3493
49,205
794,1996
20,890
15,4446
153,2852
543,392
95,1865
565,2619
900,4651
45,520
289,1933
280,758
314,1738
305,1299
258,265
772,2287
433,430
207,2029
220,3586
859,988
933,59
469,363
560,2576
676,3646
212,1381
169,86
686,894
621,3772
926,3483
454,1313
212,2286
504,4916
891,3160
936,3837
87,1321
827,1866
637,2766
265,3700
855,606
586,2738
318,3758
867,1032
811,3071
449,2302
101,2146
110,934
373,1750
271,1252
550,1666
648,1099
716,3707
453,1635
8,1396
488,3839
352,3641
169,4166
80,2874
808,4508
832,565
820,696
155,3621
840,3027
812,3026
481,143
473,520
307,3661
354,1927
712,2068
671,3914
404,2991
54,2641
601,1475
889,3231
675,4264
182,2336
994,3306
972,957
610,858
715,2777
541,3965
792,888
982,2822
241,4377
307,4515
497,4238
467,2269
748,1158
484,430
73,2093
66,2828
441,527
255,4587
75,3031
862,414
791,4088
379,1199
436,4436
569,488
744,4737
674,3661
670,4796
778,2780
90,3687
636,3378
788,1639
7,3929
4,2974
491,995
910,282
373,2673
365,3590
403,4554
562,4041
441,975
111,3102
297,4272
472,4318
555,1867
120,1331
986,237
468,1584
540,4405
397,3164
410,4628
671,4173
223,2219
312,3482
285,848
971,2849
400,592
715,1884
783,2132
110,888
207,1298
404,4185
270,821
129,4632
488,4198
506,1620
171,1718
952,257
932,1104
928,4025
145,3767
884,1891
869,4757
384,2032
455,3483
439,2832
213,1891
587,3534
423,3898
6,3541
386,1948
625,973
337,1274
366,3874
596,4764
162,4007
851,4204
878,4302
477,2633
653,455
562,2146
207,23
962,2631
306,1029
650,4137
272,399
668,4300
768,1135
447,1132
906,1313
306,2509
409,1456
540,4136
872,930
701,727
681,4681
945,3867
907,1538
65,793
629,4115
31,520
719,471
36,947
319,1827
647,4469
479,1212
617,4711
337,4154
623,1079
660,3614
169,874
271,1596
650,2958
985,1456
847,2935
986,876
785,1899
710,4498
894,250
186,4296
67,1820
766,881
818,3410
982,2226
103,255
648,4371
743,4419
161,2958
105,4899
968,4978
202,1692
234,4815
739,3482
494,1726
348,1995
397,2449
91,3349
650,4226
611,2853
879,1476
973,2806
611,487
545,4107
789,2621
445,844
32,496
983,4113
153,4327
533,416
713,2198
166,729
816,726
488,4594
271,3138
475,4357
996,2185
815,1088
966,2271
444,2985
373,491
895,2396
45,3911
609,1163
13,3654
113,2179
802,4800
638,2349
412,2327
164,3166
834,1542
427,4023
87,4349
975,4831
661,4073
608,4118
298,1515
506,365
816,4133
469,1899
133,51
135,183
209,4710
623,535
245,1387
754,4161
465,2504
703,2210
676,1442
367,4265
353,3349
66,259
602,3943
144,1109
22,1984
595,1585
619,3807
336,1272
698,2619
177,757
833,4113
35,1498
933,4281
883,2630
576,2371
890,1570
388,1167
688,1643
611,8
74,298
211,1996
724,2170
556,3639
855,4114
742,4074
232,1860
308,2836
835,1247
232,2854
865,3537
266,2812
904,2418
265,3905
199,3059
540,463
558,4730
92,4281
180,487
21,3697
789,2335
905,1902
499,451
379,4996
46,4999
354,1647
34,4111
410,2786
997,1419
783,4700
634,2114
254,1823
714,4642
808,930
642,4300
676,4025
976,883
66,59
228,2558
191,222
34,307
583,3147
796,475
756,1899
269,899
469,210
435,2510
208,1910
506,973
295,209
919,2299
432,1410
884,939
675,157
460,4193
780,1917
996,3734
163,2744
459,1393
558,915
669,2341
262,2532
56,1556
387,915
334,1900
316,2713
507,3178
866,4086
895,501
454,2814
429,653
518,1342
171,1436
87,3360
197,4823
629,3889
533,3127
107,710
72,1852
433,3700
345,184
747,2335
27,4717
604,4205
538,1536
293,3448
744,1442
607,3497
715,3857
222,1117
613,3139
121,102
611,4808
349,2633
584,1229
131,2771
343,938
898,938
807,1903
752,930
979,1712
143,265
603,4044
22,2718
859,3454
53,4023
698,3874
538,4583
496,3848
631,4267
348,1476
433,2671
704,3916
532,2055
568,3530
455,2428
218,3566
606,4741
857,579
15,1736
604,3378
73,1396
742,4404
205,1805
55,2452
608,944
388,2127
951,4637
894,2457
396,1903
71,793
71,4716
64,3590
247,136
978,734
996,1777
555,143
718,1191
464,3644
311,4539
153,4538
233,3695
924,4396
508,2418
288,718
622,870
816,382
875,1637
190,3943
678,2399
593,1132
869,3867
380,2269
391,1959
954,2142
938,3660
710,3700
842,21
597,420
394,3942
164,3816
577,514
715,4642
181,1638
821,2357
432,367
313,3857
744,4144
4,3094
62,4815
299,3904
624,3941
724,2836
